<?xml version="1.0" ?>
<scene version="2.1.0">
    <default name="spp" value="4096"/>
    <default name="resx" value="1024"/>
    <default name="resy" value="768"/>
    <integrator type="path">
        <integer name="max_depth" value="12"/>
    </integrator>
    <bsdf type="twosided" id="mat-itu_concrete">
        <bsdf type="diffuse">
            <rgb value="0.539479 0.539479 0.53948" name="reflectance"/>
        </bsdf>
    </bsdf>
    <bsdf type="twosided" id="mat-itu_marble">
        <bsdf type="diffuse">
            <rgb value="0.701101 0.644479 0.48515" name="reflectance"/>
        </bsdf>
    </bsdf>
    <bsdf type="twosided" id="mat-itu_metal">
        <bsdf type="diffuse">
            <rgb value="0.219526 0.219526 0.254152" name="reflectance"/>
        </bsdf>
    </bsdf>
    <bsdf type="twosided" id="mat-itu_wood">
        <bsdf type="diffuse">
            <rgb value="0.043 0.58 0.184" name="reflectance"/>
        </bsdf>
    </bsdf>
    <bsdf type="twosided" id="mat-itu_wet_ground">
        <bsdf type="diffuse">
            <rgb value="0.91 0.569 0.055" name="reflectance"/>
        </bsdf>
    </bsdf>
    <emitter type="constant" id="World">
        <rgb value="1.000000 1.000000 1.000000" name="radiance"/>
    </emitter>
    <sensor type="perspective" id="Camera">
        <string name="fov_axis" value="x"/>
        <float name="fov" value="42.854885"/>
        <float name="principal_point_offset_x" value="0.000000"/>
        <float name="principal_point_offset_y" value="-0.000000"/>
        <float name="near_clip" value="0.100000"/>
        <float name="far_clip" value="10000.000000"/>
        <transform name="to_world">
            <rotate x="1" angle="0"/>
            <rotate y="1" angle="0"/>
            <rotate z="1" angle="-90"/>
            <translate value="0 0 100"/>
        </transform>
        <sampler type="independent">
            <integer name="sample_count" value="$spp"/>
        </sampler>
        <film type="hdrfilm">
            <integer name="width" value="$resx"/>
            <integer name="height" value="$resy"/>
        </film>
    </sensor>
    <shape type="ply" id="mesh-ground">
        <string name="filename" value="simple_scene/PHILLIPINES_-3367451.3856456983_18070115.398016755/mesh/ground.ply"/>
        <ref id="mat-itu_wet_ground" name="bsdf"/>
        <boolean name="face_normals" value="true"/>
    </shape>
    <shape type="ply" id="mesh-building_0">
        <string name="filename" value="simple_scene/PHILLIPINES_-3367451.3856456983_18070115.398016755/mesh/building_0.ply"/>
        <ref id="mat-itu_marble" name="bsdf"/>
        <boolean name="face_normals" value="true"/>
    </shape>
    <shape type="ply" id="mesh-building_1">
        <string name="filename" value="simple_scene/PHILLIPINES_-3367451.3856456983_18070115.398016755/mesh/building_1.ply"/>
        <ref id="mat-itu_marble" name="bsdf"/>
        <boolean name="face_normals" value="true"/>
    </shape>
    <shape type="ply" id="mesh-building_2">
        <string name="filename" value="simple_scene/PHILLIPINES_-3367451.3856456983_18070115.398016755/mesh/building_2.ply"/>
        <ref id="mat-itu_marble" name="bsdf"/>
        <boolean name="face_normals" value="true"/>
    </shape>
    <shape type="ply" id="mesh-building_3">
        <string name="filename" value="simple_scene/PHILLIPINES_-3367451.3856456983_18070115.398016755/mesh/building_3.ply"/>
        <ref id="mat-itu_marble" name="bsdf"/>
        <boolean name="face_normals" value="true"/>
    </shape>
    <shape type="ply" id="mesh-building_4">
        <string name="filename" value="simple_scene/PHILLIPINES_-3367451.3856456983_18070115.398016755/mesh/building_4.ply"/>
        <ref id="mat-itu_marble" name="bsdf"/>
        <boolean name="face_normals" value="true"/>
    </shape>
    <shape type="ply" id="mesh-building_5">
        <string name="filename" value="simple_scene/PHILLIPINES_-3367451.3856456983_18070115.398016755/mesh/building_5.ply"/>
        <ref id="mat-itu_marble" name="bsdf"/>
        <boolean name="face_normals" value="true"/>
    </shape>
    <shape type="ply" id="mesh-building_6">
        <string name="filename" value="simple_scene/PHILLIPINES_-3367451.3856456983_18070115.398016755/mesh/building_6.ply"/>
        <ref id="mat-itu_marble" name="bsdf"/>
        <boolean name="face_normals" value="true"/>
    </shape>
    <shape type="ply" id="mesh-building_7">
        <string name="filename" value="simple_scene/PHILLIPINES_-3367451.3856456983_18070115.398016755/mesh/building_7.ply"/>
        <ref id="mat-itu_marble" name="bsdf"/>
        <boolean name="face_normals" value="true"/>
    </shape>
    <shape type="ply" id="mesh-building_8">
        <string name="filename" value="simple_scene/PHILLIPINES_-3367451.3856456983_18070115.398016755/mesh/building_8.ply"/>
        <ref id="mat-itu_marble" name="bsdf"/>
        <boolean name="face_normals" value="true"/>
    </shape>
    <shape type="ply" id="mesh-building_9">
        <string name="filename" value="simple_scene/PHILLIPINES_-3367451.3856456983_18070115.398016755/mesh/building_9.ply"/>
        <ref id="mat-itu_marble" name="bsdf"/>
        <boolean name="face_normals" value="true"/>
    </shape>
    <shape type="ply" id="mesh-building_10">
        <string name="filename" value="simple_scene/PHILLIPINES_-3367451.3856456983_18070115.398016755/mesh/building_10.ply"/>
        <ref id="mat-itu_marble" name="bsdf"/>
        <boolean name="face_normals" value="true"/>
    </shape>
    <shape type="ply" id="mesh-building_11">
        <string name="filename" value="simple_scene/PHILLIPINES_-3367451.3856456983_18070115.398016755/mesh/building_11.ply"/>
        <ref id="mat-itu_marble" name="bsdf"/>
        <boolean name="face_normals" value="true"/>
    </shape>
    <shape type="ply" id="mesh-building_12">
        <string name="filename" value="simple_scene/PHILLIPINES_-3367451.3856456983_18070115.398016755/mesh/building_12.ply"/>
        <ref id="mat-itu_marble" name="bsdf"/>
        <boolean name="face_normals" value="true"/>
    </shape>
    <shape type="ply" id="mesh-building_13">
        <string name="filename" value="simple_scene/PHILLIPINES_-3367451.3856456983_18070115.398016755/mesh/building_13.ply"/>
        <ref id="mat-itu_marble" name="bsdf"/>
        <boolean name="face_normals" value="true"/>
    </shape>
    <shape type="ply" id="mesh-building_14">
        <string name="filename" value="simple_scene/PHILLIPINES_-3367451.3856456983_18070115.398016755/mesh/building_14.ply"/>
        <ref id="mat-itu_marble" name="bsdf"/>
        <boolean name="face_normals" value="true"/>
    </shape>
    <shape type="ply" id="mesh-building_15">
        <string name="filename" value="simple_scene/PHILLIPINES_-3367451.3856456983_18070115.398016755/mesh/building_15.ply"/>
        <ref id="mat-itu_marble" name="bsdf"/>
        <boolean name="face_normals" value="true"/>
    </shape>
    <shape type="ply" id="mesh-building_16">
        <string name="filename" value="simple_scene/PHILLIPINES_-3367451.3856456983_18070115.398016755/mesh/building_16.ply"/>
        <ref id="mat-itu_marble" name="bsdf"/>
        <boolean name="face_normals" value="true"/>
    </shape>
    <shape type="ply" id="mesh-building_17">
        <string name="filename" value="simple_scene/PHILLIPINES_-3367451.3856456983_18070115.398016755/mesh/building_17.ply"/>
        <ref id="mat-itu_marble" name="bsdf"/>
        <boolean name="face_normals" value="true"/>
    </shape>
    <shape type="ply" id="mesh-building_18">
        <string name="filename" value="simple_scene/PHILLIPINES_-3367451.3856456983_18070115.398016755/mesh/building_18.ply"/>
        <ref id="mat-itu_marble" name="bsdf"/>
        <boolean name="face_normals" value="true"/>
    </shape>
    <shape type="ply" id="mesh-building_19">
        <string name="filename" value="simple_scene/PHILLIPINES_-3367451.3856456983_18070115.398016755/mesh/building_19.ply"/>
        <ref id="mat-itu_marble" name="bsdf"/>
        <boolean name="face_normals" value="true"/>
    </shape>
    <shape type="ply" id="mesh-building_20">
        <string name="filename" value="simple_scene/PHILLIPINES_-3367451.3856456983_18070115.398016755/mesh/building_20.ply"/>
        <ref id="mat-itu_marble" name="bsdf"/>
        <boolean name="face_normals" value="true"/>
    </shape>
    <shape type="ply" id="mesh-building_21">
        <string name="filename" value="simple_scene/PHILLIPINES_-3367451.3856456983_18070115.398016755/mesh/building_21.ply"/>
        <ref id="mat-itu_marble" name="bsdf"/>
        <boolean name="face_normals" value="true"/>
    </shape>
    <shape type="ply" id="mesh-building_22">
        <string name="filename" value="simple_scene/PHILLIPINES_-3367451.3856456983_18070115.398016755/mesh/building_22.ply"/>
        <ref id="mat-itu_marble" name="bsdf"/>
        <boolean name="face_normals" value="true"/>
    </shape>
    <shape type="ply" id="mesh-building_23">
        <string name="filename" value="simple_scene/PHILLIPINES_-3367451.3856456983_18070115.398016755/mesh/building_23.ply"/>
        <ref id="mat-itu_marble" name="bsdf"/>
        <boolean name="face_normals" value="true"/>
    </shape>
    <shape type="ply" id="mesh-building_24">
        <string name="filename" value="simple_scene/PHILLIPINES_-3367451.3856456983_18070115.398016755/mesh/building_24.ply"/>
        <ref id="mat-itu_marble" name="bsdf"/>
        <boolean name="face_normals" value="true"/>
    </shape>
    <shape type="ply" id="mesh-building_25">
        <string name="filename" value="simple_scene/PHILLIPINES_-3367451.3856456983_18070115.398016755/mesh/building_25.ply"/>
        <ref id="mat-itu_marble" name="bsdf"/>
        <boolean name="face_normals" value="true"/>
    </shape>
    <shape type="ply" id="mesh-building_26">
        <string name="filename" value="simple_scene/PHILLIPINES_-3367451.3856456983_18070115.398016755/mesh/building_26.ply"/>
        <ref id="mat-itu_marble" name="bsdf"/>
        <boolean name="face_normals" value="true"/>
    </shape>
    <shape type="ply" id="mesh-building_27">
        <string name="filename" value="simple_scene/PHILLIPINES_-3367451.3856456983_18070115.398016755/mesh/building_27.ply"/>
        <ref id="mat-itu_marble" name="bsdf"/>
        <boolean name="face_normals" value="true"/>
    </shape>
    <shape type="ply" id="mesh-building_28">
        <string name="filename" value="simple_scene/PHILLIPINES_-3367451.3856456983_18070115.398016755/mesh/building_28.ply"/>
        <ref id="mat-itu_marble" name="bsdf"/>
        <boolean name="face_normals" value="true"/>
    </shape>
    <shape type="ply" id="mesh-building_29">
        <string name="filename" value="simple_scene/PHILLIPINES_-3367451.3856456983_18070115.398016755/mesh/building_29.ply"/>
        <ref id="mat-itu_marble" name="bsdf"/>
        <boolean name="face_normals" value="true"/>
    </shape>
    <shape type="ply" id="mesh-building_30">
        <string name="filename" value="simple_scene/PHILLIPINES_-3367451.3856456983_18070115.398016755/mesh/building_30.ply"/>
        <ref id="mat-itu_marble" name="bsdf"/>
        <boolean name="face_normals" value="true"/>
    </shape>
    <shape type="ply" id="mesh-building_31">
        <string name="filename" value="simple_scene/PHILLIPINES_-3367451.3856456983_18070115.398016755/mesh/building_31.ply"/>
        <ref id="mat-itu_marble" name="bsdf"/>
        <boolean name="face_normals" value="true"/>
    </shape>
    <shape type="ply" id="mesh-building_32">
        <string name="filename" value="simple_scene/PHILLIPINES_-3367451.3856456983_18070115.398016755/mesh/building_32.ply"/>
        <ref id="mat-itu_marble" name="bsdf"/>
        <boolean name="face_normals" value="true"/>
    </shape>
    <shape type="ply" id="mesh-building_33">
        <string name="filename" value="simple_scene/PHILLIPINES_-3367451.3856456983_18070115.398016755/mesh/building_33.ply"/>
        <ref id="mat-itu_marble" name="bsdf"/>
        <boolean name="face_normals" value="true"/>
    </shape>
    <shape type="ply" id="mesh-building_34">
        <string name="filename" value="simple_scene/PHILLIPINES_-3367451.3856456983_18070115.398016755/mesh/building_34.ply"/>
        <ref id="mat-itu_marble" name="bsdf"/>
        <boolean name="face_normals" value="true"/>
    </shape>
    <shape type="ply" id="mesh-building_35">
        <string name="filename" value="simple_scene/PHILLIPINES_-3367451.3856456983_18070115.398016755/mesh/building_35.ply"/>
        <ref id="mat-itu_marble" name="bsdf"/>
        <boolean name="face_normals" value="true"/>
    </shape>
    <shape type="ply" id="mesh-building_36">
        <string name="filename" value="simple_scene/PHILLIPINES_-3367451.3856456983_18070115.398016755/mesh/building_36.ply"/>
        <ref id="mat-itu_marble" name="bsdf"/>
        <boolean name="face_normals" value="true"/>
    </shape>
    <shape type="ply" id="mesh-building_37">
        <string name="filename" value="simple_scene/PHILLIPINES_-3367451.3856456983_18070115.398016755/mesh/building_37.ply"/>
        <ref id="mat-itu_marble" name="bsdf"/>
        <boolean name="face_normals" value="true"/>
    </shape>
    <shape type="ply" id="mesh-building_38">
        <string name="filename" value="simple_scene/PHILLIPINES_-3367451.3856456983_18070115.398016755/mesh/building_38.ply"/>
        <ref id="mat-itu_marble" name="bsdf"/>
        <boolean name="face_normals" value="true"/>
    </shape>
    <shape type="ply" id="mesh-building_39">
        <string name="filename" value="simple_scene/PHILLIPINES_-3367451.3856456983_18070115.398016755/mesh/building_39.ply"/>
        <ref id="mat-itu_marble" name="bsdf"/>
        <boolean name="face_normals" value="true"/>
    </shape>
    <shape type="ply" id="mesh-building_40">
        <string name="filename" value="simple_scene/PHILLIPINES_-3367451.3856456983_18070115.398016755/mesh/building_40.ply"/>
        <ref id="mat-itu_marble" name="bsdf"/>
        <boolean name="face_normals" value="true"/>
    </shape>
    <shape type="ply" id="mesh-building_41">
        <string name="filename" value="simple_scene/PHILLIPINES_-3367451.3856456983_18070115.398016755/mesh/building_41.ply"/>
        <ref id="mat-itu_marble" name="bsdf"/>
        <boolean name="face_normals" value="true"/>
    </shape>
    <shape type="ply" id="mesh-building_42">
        <string name="filename" value="simple_scene/PHILLIPINES_-3367451.3856456983_18070115.398016755/mesh/building_42.ply"/>
        <ref id="mat-itu_marble" name="bsdf"/>
        <boolean name="face_normals" value="true"/>
    </shape>
    <shape type="ply" id="mesh-building_43">
        <string name="filename" value="simple_scene/PHILLIPINES_-3367451.3856456983_18070115.398016755/mesh/building_43.ply"/>
        <ref id="mat-itu_marble" name="bsdf"/>
        <boolean name="face_normals" value="true"/>
    </shape>
    <shape type="ply" id="mesh-building_44">
        <string name="filename" value="simple_scene/PHILLIPINES_-3367451.3856456983_18070115.398016755/mesh/building_44.ply"/>
        <ref id="mat-itu_marble" name="bsdf"/>
        <boolean name="face_normals" value="true"/>
    </shape>
    <shape type="ply" id="mesh-building_45">
        <string name="filename" value="simple_scene/PHILLIPINES_-3367451.3856456983_18070115.398016755/mesh/building_45.ply"/>
        <ref id="mat-itu_marble" name="bsdf"/>
        <boolean name="face_normals" value="true"/>
    </shape>
    <shape type="ply" id="mesh-building_46">
        <string name="filename" value="simple_scene/PHILLIPINES_-3367451.3856456983_18070115.398016755/mesh/building_46.ply"/>
        <ref id="mat-itu_marble" name="bsdf"/>
        <boolean name="face_normals" value="true"/>
    </shape>
    <shape type="ply" id="mesh-building_47">
        <string name="filename" value="simple_scene/PHILLIPINES_-3367451.3856456983_18070115.398016755/mesh/building_47.ply"/>
        <ref id="mat-itu_marble" name="bsdf"/>
        <boolean name="face_normals" value="true"/>
    </shape>
    <shape type="ply" id="mesh-building_48">
        <string name="filename" value="simple_scene/PHILLIPINES_-3367451.3856456983_18070115.398016755/mesh/building_48.ply"/>
        <ref id="mat-itu_marble" name="bsdf"/>
        <boolean name="face_normals" value="true"/>
    </shape>
    <shape type="ply" id="mesh-building_49">
        <string name="filename" value="simple_scene/PHILLIPINES_-3367451.3856456983_18070115.398016755/mesh/building_49.ply"/>
        <ref id="mat-itu_marble" name="bsdf"/>
        <boolean name="face_normals" value="true"/>
    </shape>
    <shape type="ply" id="mesh-building_50">
        <string name="filename" value="simple_scene/PHILLIPINES_-3367451.3856456983_18070115.398016755/mesh/building_50.ply"/>
        <ref id="mat-itu_marble" name="bsdf"/>
        <boolean name="face_normals" value="true"/>
    </shape>
    <shape type="ply" id="mesh-building_51">
        <string name="filename" value="simple_scene/PHILLIPINES_-3367451.3856456983_18070115.398016755/mesh/building_51.ply"/>
        <ref id="mat-itu_marble" name="bsdf"/>
        <boolean name="face_normals" value="true"/>
    </shape>
    <shape type="ply" id="mesh-building_52">
        <string name="filename" value="simple_scene/PHILLIPINES_-3367451.3856456983_18070115.398016755/mesh/building_52.ply"/>
        <ref id="mat-itu_marble" name="bsdf"/>
        <boolean name="face_normals" value="true"/>
    </shape>
    <shape type="ply" id="mesh-building_53">
        <string name="filename" value="simple_scene/PHILLIPINES_-3367451.3856456983_18070115.398016755/mesh/building_53.ply"/>
        <ref id="mat-itu_marble" name="bsdf"/>
        <boolean name="face_normals" value="true"/>
    </shape>
    <shape type="ply" id="mesh-building_54">
        <string name="filename" value="simple_scene/PHILLIPINES_-3367451.3856456983_18070115.398016755/mesh/building_54.ply"/>
        <ref id="mat-itu_marble" name="bsdf"/>
        <boolean name="face_normals" value="true"/>
    </shape>
    <shape type="ply" id="mesh-building_55">
        <string name="filename" value="simple_scene/PHILLIPINES_-3367451.3856456983_18070115.398016755/mesh/building_55.ply"/>
        <ref id="mat-itu_marble" name="bsdf"/>
        <boolean name="face_normals" value="true"/>
    </shape>
    <shape type="ply" id="mesh-building_56">
        <string name="filename" value="simple_scene/PHILLIPINES_-3367451.3856456983_18070115.398016755/mesh/building_56.ply"/>
        <ref id="mat-itu_marble" name="bsdf"/>
        <boolean name="face_normals" value="true"/>
    </shape>
    <shape type="ply" id="mesh-building_57">
        <string name="filename" value="simple_scene/PHILLIPINES_-3367451.3856456983_18070115.398016755/mesh/building_57.ply"/>
        <ref id="mat-itu_marble" name="bsdf"/>
        <boolean name="face_normals" value="true"/>
    </shape>
    <shape type="ply" id="mesh-building_58">
        <string name="filename" value="simple_scene/PHILLIPINES_-3367451.3856456983_18070115.398016755/mesh/building_58.ply"/>
        <ref id="mat-itu_marble" name="bsdf"/>
        <boolean name="face_normals" value="true"/>
    </shape>
    <shape type="ply" id="mesh-building_59">
        <string name="filename" value="simple_scene/PHILLIPINES_-3367451.3856456983_18070115.398016755/mesh/building_59.ply"/>
        <ref id="mat-itu_marble" name="bsdf"/>
        <boolean name="face_normals" value="true"/>
    </shape>
    <shape type="ply" id="mesh-building_60">
        <string name="filename" value="simple_scene/PHILLIPINES_-3367451.3856456983_18070115.398016755/mesh/building_60.ply"/>
        <ref id="mat-itu_marble" name="bsdf"/>
        <boolean name="face_normals" value="true"/>
    </shape>
    <shape type="ply" id="mesh-building_61">
        <string name="filename" value="simple_scene/PHILLIPINES_-3367451.3856456983_18070115.398016755/mesh/building_61.ply"/>
        <ref id="mat-itu_marble" name="bsdf"/>
        <boolean name="face_normals" value="true"/>
    </shape>
    <shape type="ply" id="mesh-building_62">
        <string name="filename" value="simple_scene/PHILLIPINES_-3367451.3856456983_18070115.398016755/mesh/building_62.ply"/>
        <ref id="mat-itu_marble" name="bsdf"/>
        <boolean name="face_normals" value="true"/>
    </shape>
    <shape type="ply" id="mesh-building_63">
        <string name="filename" value="simple_scene/PHILLIPINES_-3367451.3856456983_18070115.398016755/mesh/building_63.ply"/>
        <ref id="mat-itu_marble" name="bsdf"/>
        <boolean name="face_normals" value="true"/>
    </shape>
    <shape type="ply" id="mesh-building_64">
        <string name="filename" value="simple_scene/PHILLIPINES_-3367451.3856456983_18070115.398016755/mesh/building_64.ply"/>
        <ref id="mat-itu_marble" name="bsdf"/>
        <boolean name="face_normals" value="true"/>
    </shape>
    <shape type="ply" id="mesh-building_65">
        <string name="filename" value="simple_scene/PHILLIPINES_-3367451.3856456983_18070115.398016755/mesh/building_65.ply"/>
        <ref id="mat-itu_marble" name="bsdf"/>
        <boolean name="face_normals" value="true"/>
    </shape>
    <shape type="ply" id="mesh-building_66">
        <string name="filename" value="simple_scene/PHILLIPINES_-3367451.3856456983_18070115.398016755/mesh/building_66.ply"/>
        <ref id="mat-itu_marble" name="bsdf"/>
        <boolean name="face_normals" value="true"/>
    </shape>
    <shape type="ply" id="mesh-building_67">
        <string name="filename" value="simple_scene/PHILLIPINES_-3367451.3856456983_18070115.398016755/mesh/building_67.ply"/>
        <ref id="mat-itu_marble" name="bsdf"/>
        <boolean name="face_normals" value="true"/>
    </shape>
    <shape type="ply" id="mesh-building_68">
        <string name="filename" value="simple_scene/PHILLIPINES_-3367451.3856456983_18070115.398016755/mesh/building_68.ply"/>
        <ref id="mat-itu_marble" name="bsdf"/>
        <boolean name="face_normals" value="true"/>
    </shape>
    <shape type="ply" id="mesh-building_69">
        <string name="filename" value="simple_scene/PHILLIPINES_-3367451.3856456983_18070115.398016755/mesh/building_69.ply"/>
        <ref id="mat-itu_marble" name="bsdf"/>
        <boolean name="face_normals" value="true"/>
    </shape>
    <shape type="ply" id="mesh-building_70">
        <string name="filename" value="simple_scene/PHILLIPINES_-3367451.3856456983_18070115.398016755/mesh/building_70.ply"/>
        <ref id="mat-itu_marble" name="bsdf"/>
        <boolean name="face_normals" value="true"/>
    </shape>
    <shape type="ply" id="mesh-building_71">
        <string name="filename" value="simple_scene/PHILLIPINES_-3367451.3856456983_18070115.398016755/mesh/building_71.ply"/>
        <ref id="mat-itu_marble" name="bsdf"/>
        <boolean name="face_normals" value="true"/>
    </shape>
    <shape type="ply" id="mesh-building_72">
        <string name="filename" value="simple_scene/PHILLIPINES_-3367451.3856456983_18070115.398016755/mesh/building_72.ply"/>
        <ref id="mat-itu_marble" name="bsdf"/>
        <boolean name="face_normals" value="true"/>
    </shape>
    <shape type="ply" id="mesh-building_73">
        <string name="filename" value="simple_scene/PHILLIPINES_-3367451.3856456983_18070115.398016755/mesh/building_73.ply"/>
        <ref id="mat-itu_marble" name="bsdf"/>
        <boolean name="face_normals" value="true"/>
    </shape>
    <shape type="ply" id="mesh-building_74">
        <string name="filename" value="simple_scene/PHILLIPINES_-3367451.3856456983_18070115.398016755/mesh/building_74.ply"/>
        <ref id="mat-itu_marble" name="bsdf"/>
        <boolean name="face_normals" value="true"/>
    </shape>
    <shape type="ply" id="mesh-building_75">
        <string name="filename" value="simple_scene/PHILLIPINES_-3367451.3856456983_18070115.398016755/mesh/building_75.ply"/>
        <ref id="mat-itu_marble" name="bsdf"/>
        <boolean name="face_normals" value="true"/>
    </shape>
    <shape type="ply" id="mesh-building_76">
        <string name="filename" value="simple_scene/PHILLIPINES_-3367451.3856456983_18070115.398016755/mesh/building_76.ply"/>
        <ref id="mat-itu_marble" name="bsdf"/>
        <boolean name="face_normals" value="true"/>
    </shape>
    <shape type="ply" id="mesh-building_77">
        <string name="filename" value="simple_scene/PHILLIPINES_-3367451.3856456983_18070115.398016755/mesh/building_77.ply"/>
        <ref id="mat-itu_marble" name="bsdf"/>
        <boolean name="face_normals" value="true"/>
    </shape>
    <shape type="ply" id="mesh-building_78">
        <string name="filename" value="simple_scene/PHILLIPINES_-3367451.3856456983_18070115.398016755/mesh/building_78.ply"/>
        <ref id="mat-itu_marble" name="bsdf"/>
        <boolean name="face_normals" value="true"/>
    </shape>
    <shape type="ply" id="mesh-building_79">
        <string name="filename" value="simple_scene/PHILLIPINES_-3367451.3856456983_18070115.398016755/mesh/building_79.ply"/>
        <ref id="mat-itu_marble" name="bsdf"/>
        <boolean name="face_normals" value="true"/>
    </shape>
    <shape type="ply" id="mesh-roads_79">
        <string name="filename" value="simple_scene/PHILLIPINES_-3367451.3856456983_18070115.398016755/mesh/road_mesh_combined.ply"/>
        <ref id="mat-itu_concrete" name="bsdf"/>
        <boolean name="face_normals" value="true"/>
    </shape>
</scene>
